{"cameraMode":{"drawMode":1,"name":"Wireframe","section":"Shading Mode"},"sceneLighting":true,"audioPlay":false,"sceneViewState":{"showFog":true,"showMaterialUpdate":false,"showSkybox":true,"showFlares":true,"showImageEffects":true,"showParticleSystems":true},"in2DMode":false,"pivot":{"x":-1.1127660274505616,"y":5.6939473152160648,"z":14.740026473999024},"rotation":{"x":-0.13652941584587098,"y":-0.1353282332420349,"z":-0.017126910388469697,"w":0.98138427734375},"size":10.0,"orthographic":false}