{"cameraMode":{"drawMode":0,"name":"Shaded","section":"Shading Mode"},"sceneLighting":false,"audioPlay":false,"sceneViewState":{"showFog":false,"showMaterialUpdate":false,"showSkybox":true,"showFlares":false,"showImageEffects":false,"showParticleSystems":false},"in2DMode":false,"pivot":{"x":0.08000004291534424,"y":0.20000001788139344,"z":0.0},"rotation":{"x":-0.10945893079042435,"y":-0.3453894853591919,"z":0.037108369171619418,"w":-0.9313352704048157},"size":2.0268197059631349,"orthographic":false}